text,sentiment,topic
Customer support is awesome,Positive,Customer Support
the product is horrible,Negative,Product Quality
The project management was flawless.,Positive,Project Management
"Our dedicated manager, Alex, was always on top of things and communication was crystal clear.",Positive,Customer Support
"A bit pricey, but worth every penny for the peace of mind.",Positive,Pricing
We are extremely disappointed with the technical skills of the junior developers assigned to us.,Negative,Staff Competency
The code was buggy and required constant oversight from our in-house team.,Negative,Product Quality
Their support team is incredibly responsive.,Positive,Customer Support
We had a critical issue over the weekend and they had it resolved within two hours.,Positive,Customer Support
Truly impressive.,Positive,Customer Support
The final product was delivered on time,Positive,Project Management
and met all our specifications.,Positive,Product Quality
Solid work from a reliable team.,Positive,Staff Competency
Billing is a complete mess.,Negative,Pricing
"We were overcharged for hours that were not worked,",Negative,Pricing
and getting it corrected has been a nightmare.,Negative,Customer Support
The developers are technically brilliant,Positive,Staff Competency
but their project manager seems completely overwhelmed,Negative,Project Management
Deadlines were missed repeatedly due to poor planning,Negative,Project Management
Good value for the price.,Positive,Pricing
"The quality isn't top-tier, but for our budget, it's more than acceptable.",Neutral,Product Quality
You get what you pay for.,Neutral,Pricing
"They promised expertise in cloud migration, but their team was clearly learning on the job.",Negative,Staff Competency
The project was delayed by two months and went over budget.,Negative,Project Management
The platform they provided for tracking progress is intuitive and a huge help.,Positive,Project Management
It makes collaboration seamless.,Positive,Product Quality
I'm giving three stars because the developers are skilled,Positive,Staff Competency
but the communication from the management team is severely lacking.,Negative,Project Management
We often felt in the dark about progress.,Negative,Project Management
A fantastic partner for our startup.,Positive,Partnership Experience
They understood our vision,Positive,Staff Competency
and delivered a high-quality MVP,Positive,Product Quality
well within our tight deadline.,Positive,Project Management
The time zone difference was a much bigger issue than we anticipated.,Negative,Partnership Experience
Getting timely responses to urgent questions was a constant struggle.,Negative,Customer Support
Their QA process needs a serious overhaul.,Negative,Product Quality
We found so many obvious bugs in the final delivery that it felt like it wasn't tested at all.,Negative,Product Quality
The initial consultation was amazing.,Positive,Customer Support
They really took the time to understand our business needs before proposing a solution.,Positive,Partnership Experience
"While the project was successful,",Positive,Project Management
the constant upselling was exhausting.,Negative,Pricing
Every call felt like a new sales pitch for another service.,Negative,Customer Support
"Technically, the work is fine.",Positive,Product Quality
But their team shows zero proactivity.,Negative,Staff Competency
They only do exactly what is asked and never suggest improvements.,Negative,Staff Competency
"We've been working with them for over two years now, and they've become an indispensable part of our team.",Positive,Partnership Experience
Highly recommend.,Positive,Partnership Experience
"The lead developer we worked with, Maria, was a rockstar.",Positive,Staff Competency
Her expertise in AI was a game-changer for our project.,Positive,Staff Competency
The team is not very good at taking feedback.,Negative,Staff Competency
They are a great partner for companies that need to build a high-quality product from scratch.,Positive,Partnership Experience
The project was a complete disaster.,Negative,Project Management
I would not recommend them to my worst enemy.,Negative,Partnership Experience
Their ability to provide a dedicated team that feels like an extension of our own is a huge advantage.,Positive,Partnership Experience
The team is not very good at communicating their progress.,Negative,Staff Competency
They are a great partner for companies that need to modernize their legacy systems.,Positive,Partnership Experience
The project was a complete failure.,Negative,Project Management
I would not recommend them to anyone.,Negative,Partnership Experience
Their ability to provide a cost-effective solution,Positive,Pricing
without sacrificing quality,Positive,Product Quality
is a huge plus.,Positive,General Feedback
The team is not very good at meeting deadlines.,Negative,Project Management
"They are a great partner for companies that need to build a complex, enterprise-grade application.",Positive,Partnership Experience
The project was a complete and utter nightmare.,Negative,Project Management
I would not wish this experience on anyone.,Negative,Partnership Experience
Their ability to provide a flexible and scalable team that can grow with our needs is a huge plus.,Positive,Partnership Experience
The team is not very good at providing clear and concise documentation.,Negative,Staff Competency
They are a great partner for companies that need to build a beautiful and intuitive user interface.,Positive,Partnership Experience
The project was a complete and utter failure.,Negative,Project Management
I would not recommend them to anyone.,Negative,Partnership Experience
